{
   "id":75,
   "placeName":"Arts Block",
   "placeDescription":"Description Bla bla bla",
   "score":{
      "people":1,
      "movement":4,
      "talking":2,
      "noise":3,
      "noiseType":"Voices",
      "light":2,
      "lightBright":1,
      "lightFlickering":2,
      "lightColourPeculiar":4,
      "smells":4,
      "smellType":"Food",
      "floorSticky":1,
      "floorUneven":1,
      "seatsHard":4,
      "texturesRough":4,
      "average":2.3
   },
   "opinions":[
      {
         "userName":"Patrick O'Flanagan",
         "score":{
            "people":1,
            "movement":4,
            "talking":2,
            "noise":3,
            "noiseType":"Voices",
            "light":2,
            "lightBright":1,
            "lightFlickering":2,
            "lightColourPeculiar":4,
            "smells":4,
            "smellType":"Food",
            "floorSticky":1,
            "floorUneven":1,
            "seatsHard":4,
            "texturesRough":4
         },
         "comments":"Comment 1 Bla bla bla bla"
      },
      {
         "userName":"Fiona Gallagher",
         "score":{
            "people":1,
            "movement":4,
            "talking":2,
            "noise":3,
            "noiseType":"Voices",
            "light":2,
            "lightBright":1,
            "lightFlickering":2,
            "lightColourPeculiar":4,
            "smells":4,
            "smellType":"Food",
            "floorSticky":1,
            "floorUneven":1,
            "seatsHard":4,
            "texturesRough":4
         },
         "comments":"Comment 2 Bla bla bla bla"
      }
   ]
}